<Index dataContractVersion="201501" xmlns="http://www.sdltridion.com/ContentManager/ImportExport/Package/2013">
  <Item id="tcm:0-0-0" selected="false" exported="true">
    <ApplicationIds>
      <ApplicationId>http://www.sdl.com/tridion/SemanticMapping/vocabularies</ApplicationId>
    </ApplicationIds>
    <Item id="tcm:0-28-1" title="000%20Empty" itemType="Publication" selected="false" exported="true">
      <Item id="tcm:28-98-2" title="Building%20Blocks" itemType="Folder" blueprintStatus="LocalItem" selected="true" exported="true">
        <Item id="e95eca2e3d04411cab10dde8c282d022" title="Default%20Templates" itemType="Folder" selected="false" exported="false">
          <Item id="937c066b817e443599effb4d6017be77" title="Default%20Component%20Template" extension="tctcmp" itemType="ComponentTemplate" selected="false" exported="false" />
          <Item id="bc83c56e0e01475ba27237c6c2339a87" title="Default%20Dreamweaver%20Page%20Design" extension="dwt" itemType="TemplateBuildingBlock" selected="false" exported="false" />
          <Item id="01ec55ecb01d4eef890d0737a2e89be7" title="Default%20Page%20Template" extension="tptcmp" itemType="PageTemplate" selected="false" exported="false" />
        </Item>
        <Item id="eda4d79a706041ea89d915d606932d82" title="Default%20Multimedia%20Schema" extension="xsd" itemType="Schema" selected="false" exported="false" />
      </Item>
      <Item id="87f81941409443f2a69aac80928e4d0d" title="Task%20Process" extension="tpd" itemType="ProcessDefinition" selected="false" exported="false" />
    </Item>
    <Item id="tcm:0-29-1" title="100%20Master" itemType="Publication" selected="true" exported="true">
      <Item id="tcm:29-98-2" title="Building%20Blocks" itemType="Folder" blueprintStatus="SharedItem" selected="true" exported="true">
        <Item id="80076920150d41b385aa4b3093075898" title="Default%20Templates" itemType="Folder" selected="false" exported="false">
          <Item id="3393c6d250e54e1fa94b256f7a31838c" title="Default%20Component%20Template" extension="tctcmp" itemType="ComponentTemplate" selected="false" exported="false" />
          <Item id="b341d7860bc4437f9adfade796c559ef" title="Default%20Dreamweaver%20Page%20Design" extension="dwt" itemType="TemplateBuildingBlock" selected="false" exported="false" />
          <Item id="d5b2bd73592c46da89bc68260b226cf7" title="Default%20Page%20Template" extension="tptcmp" itemType="PageTemplate" selected="false" exported="false" />
        </Item>
        <Item id="527f984ca29945efb6f25a9ab3ac7992" title="Framework" itemType="Folder" selected="false" exported="false">
          <Item id="99c508f3334949d784acaf8e1a183a5a" title="Developer" itemType="Folder" selected="false" exported="false">
            <Item id="af89f85e1dc54f40ae4d2d4b52f0b47c" title="Schemas" itemType="Folder" selected="false" exported="false">
              <Item id="e41fdd0d66c74373820bae7c66b8ca5e" title="Page%20Template%20Metadata" extension="xsd" itemType="Schema" selected="false" exported="false" />
            </Item>
            <Item id="935db30da21d416aaca7a8979766ff7e" title="Templates" itemType="Folder" selected="false" exported="false">
              <Item id="27ea9d81905e4f48a1c16d902c93d01e" title="Sdl%2EWeb%2ETridion%2ETemplates" itemType="Folder" selected="false" exported="false">
                <Item id="8b938698a67e4017973bdeb0d6637c2a" title="Default%20Page%20Template%20Finish%20Actions" extension="tbbcmp" itemType="TemplateBuildingBlock" selected="false" exported="false" />
                <Item id="a0233b095a4544658dd8ad9fb65e1724" title="Render%20Page%20Content" extension="tbbcmp" itemType="TemplateBuildingBlock" selected="false" exported="false" />
              </Item>
            </Item>
          </Item>
          <Item id="90fe77e224964014a2699521d74ffe40" title="Site%20Manager" itemType="Folder" selected="false" exported="false">
            <Item id="ca984dc2e7e64385946f6250f9b0b1d9" title="Schemas" itemType="Folder" selected="false" exported="false">
              <Item id="62c4d33b878943b8bf1798d2e9d4f318" title="Publication%20Metadata" extension="xsd" itemType="Schema" selected="false" exported="false" />
            </Item>
          </Item>
        </Item>
        <Item id="tcm:29-102-2" title="Modules" itemType="Folder" blueprintStatus="LocalItem" selected="true" exported="true">
          <Item id="tcm:29-19322-2" title="Fragment" itemType="Folder" blueprintStatus="LocalItem" selected="true" exported="true">
            <Item id="tcm:29-19323-2" title="Templates" itemType="Folder" blueprintStatus="LocalItem" selected="true" exported="true">
              <Item id="tcm:29-28710-128" title="Clean%20Fragment%20Page" extension="tptcmp" itemType="PageTemplate" blueprintStatus="LocalItem" selected="true" exported="true" />
              <Item id="tcm:29-24437-128" title="Fragment%20Page" extension="tptcmp" itemType="PageTemplate" blueprintStatus="LocalItem" selected="true" exported="true" />
            </Item>
          </Item>
        </Item>
        <Item id="12ada03698834c168e6af256e680f41e" title="Default%20Multimedia%20Schema" extension="xsd" itemType="Schema" selected="false" exported="false" />
      </Item>
      <Item id="264c197a63304a809ddce59cae2c3246" title="Task%20Process" extension="tpd" itemType="ProcessDefinition" selected="false" exported="false" />
    </Item>
  </Item>
</Index>